# Tipo, Indice_tipo, fecha_valoracion, nemotecnico, fecha_emision, fecha_vencimiento, cupon, tir, frecuencia_pago, Indicador_indexado, conteo_dias, Indice_c, fecha_indice, valor
T1, 1, 2022-09-18, CDTOCSS6V, 2012-04-12, 2023-04-12, 6.000000, 4.021916, 6, No, REAL/365, No, 2022-09-18, 0.000000
T1, 2, 2022-09-18, CDTGEDS6V, 2012-08-26, 2023-08-26, 6.000000, 4.760056, 6, No, REAL/365, No, 2022-09-18, 0.000000
T1, 3, 2022-09-18, CDTDXAS6V, 2012-05-15, 2024-05-15, 6.000000, 5.905344, 6, No, REAL/365, No, 2022-09-18, 0.000000
T1, 4, 2022-09-18, CDTVFTS6V, 2012-07-24, 2024-07-24, 7.000000, 6.157886, 6, No, REAL/365, No, 2022-09-18, 0.000000
T1, 5, 2022-09-18, CDTAOFS6V, 2014-12-20, 2024-12-20, 5.000000, 6.634711, 6, No, REAL/365, No, 2022-09-18, 0.000000
T1, 6, 2022-09-18, CDTSESS6V, 2012-03-12, 2025-03-12, 6.000000, 6.865697, 6, No, REAL/365, No, 2022-09-18, 0.000000
T1, 7, 2022-09-18, CDTXWMS6V, 2016-10-11, 2025-10-11, 5.000000, 7.377591, 6, No, REAL/365, No, 2022-09-18, 0.000000
T1, 8, 2022-09-18, CDTRZLS6V, 2015-11-26, 2025-11-26, 5.000000, 7.473473, 6, No, REAL/365, No, 2022-09-18, 0.000000
T1, 9, 2022-09-18, CDTCUIS6V, 2014-01-20, 2026-01-20, 7.000000, 7.582053, 6, No, REAL/365, No, 2022-09-18, 0.000000
T1, 10, 2022-09-18, CDTRKZS6V, 2012-08-26, 2026-08-26, 6.000000, 7.954766, 6, No, REAL/365, No, 2022-09-18, 0.000000
T1, 11, 2022-09-18, CDTODBS6V, 2017-10-15, 2026-10-15, 7.000000, 8.028757, 6, No, REAL/365, No, 2022-09-18, 0.000000
T1, 12, 2022-09-18, CDTBYMS6V, 2010-12-19, 2026-12-19, 5.000000, 8.119300, 6, No, REAL/365, No, 2022-09-18, 0.000000
T1, 13, 2022-09-18, CDTUTGS6V, 2020-04-17, 2027-04-17, 5.000000, 8.269908, 6, No, REAL/365, No, 2022-09-18, 0.000000
T1, 14, 2022-09-18, CDTRPMS6V, 2019-10-17, 2027-10-17, 6.000000, 8.468115, 6, No, REAL/365, No, 2022-09-18, 0.000000
T1, 15, 2022-09-18, CDTYBGS6V, 2017-11-03, 2027-11-03, 7.000000, 8.484705, 6, No, REAL/365, No, 2022-09-18, 0.000000
T1, 16, 2022-09-18, CDTLEGS6V, 2020-11-19, 2027-11-19, 5.000000, 8.500059, 6, No, REAL/365, No, 2022-09-18, 0.000000
T1, 17, 2022-09-18, CDTPLNS6V, 2011-12-16, 2027-12-16, 6.000000, 8.525407, 6, No, REAL/365, No, 2022-09-18, 0.000000
T1, 18, 2022-09-18, CDTJLDS6V, 2018-04-28, 2028-04-28, 6.000000, 8.641440, 6, No, REAL/365, No, 2022-09-18, 0.000000
T1, 19, 2022-09-18, CDTUTXS6V, 2015-07-18, 2028-07-18, 6.000000, 8.704365, 6, No, REAL/365, No, 2022-09-18, 0.000000
T1, 20, 2022-09-18, CDTAMIS6V, 2020-11-19, 2028-11-19, 6.000000, 8.791399, 6, No, REAL/365, No, 2022-09-18, 0.000000
T1, 21, 2022-09-18, CDTSIFS6V, 2018-03-17, 2029-03-17, 5.000000, 8.864943, 6, No, REAL/365, No, 2022-09-18, 0.000000
T1, 22, 2022-09-18, CDTNHPS6V, 2019-05-04, 2029-05-04, 6.000000, 8.892531, 6, No, REAL/365, No, 2022-09-18, 0.000000
T1, 23, 2022-09-18, CDTXUIS6V, 2010-01-19, 2030-01-19, 7.000000, 9.021882, 6, No, REAL/365, No, 2022-09-18, 0.000000
T1, 24, 2022-09-18, CDTXIGS6V, 2010-09-18, 2030-09-18, 7.000000, 9.117184, 6, No, REAL/365, No, 2022-09-18, 0.000000
T1, 25, 2022-09-18, CDTPJIS6V, 2013-12-11, 2030-12-11, 6.000000, 9.145689, 6, No, REAL/365, No, 2022-09-18, 0.000000
T1, 26, 2022-09-18, CDTWXSS6V, 2016-12-16, 2030-12-16, 6.000000, 9.147319, 6, No, REAL/365, No, 2022-09-18, 0.000000
T1, 27, 2022-09-18, CDTBMCS6V, 2021-03-14, 2031-03-14, 7.500000, 9.174879, 6, No, REAL/365, No, 2022-09-18, 0.000000
T1, 28, 2022-09-18, CDTJOHS6V, 2019-06-06, 2031-06-06, 9.300000, 9.199291, 6, No, REAL/365, No, 2022-09-18, 0.000000
T1, 29, 2022-09-18, CDTOLMS6V, 2022-03-26, 2031-03-26, 8.100000, 9.378476, 6, No, REAL/365, No, 2022-09-18, 0.000000
T1, 30, 2022-09-18, CDTLWCS6V, 2018-04-06, 2031-04-06, 8.000000, 9.381740, 6, No, REAL/365, No, 2022-09-18, 0.000000
T1, 31, 2022-09-18, CDTPVSS6V, 2012-05-07, 2031-05-07, 8.250000, 9.390775, 6, No, REAL/365, No, 2022-09-18, 0.000000
T1, 32, 2022-09-18, CDTRGMS6V, 2014-06-17, 2031-06-17, 7.900000, 9.402360, 6, No, REAL/365, No, 2022-09-18, 0.000000
T1, 33, 2022-09-18, CDTHNYS6V, 2015-07-17, 2031-07-17, 8.000000, 9.410583, 6, No, REAL/365, No, 2022-09-18, 0.000000
T1, 34, 2022-09-18, CDTVUVS6V, 2017-12-18, 2031-12-18, 8.000000, 9.449675, 6, No, REAL/365, No, 2022-09-18, 0.000000
T1, 35, 2022-09-18, CDTJQUS6V, 2015-06-30, 2032-06-30, 9.000000, 9.492575, 6, No, REAL/365, No, 2022-09-18, 0.000000
T1, 36, 2022-09-18, CDTIJAS6V, 2017-09-18, 2032-09-18, 8.000000, 9.508332, 6, No, REAL/365, No, 2022-09-18, 0.000000
T1, 37, 2022-09-18, CDTYVPS6V, 2017-10-12, 2032-10-12, 8.000000, 9.512870, 6, No, REAL/365, No, 2022-09-18, 0.000000
T1, 38, 2022-09-18, CDTNSKS6V, 2014-11-16, 2032-11-16, 9.000000, 9.519339, 6, No, REAL/365, No, 2022-09-18, 0.000000
T1, 39, 2022-09-18, CDTZLNS6V, 2012-10-18, 2034-10-18, 8.000000, 9.619408, 6, No, REAL/365, No, 2022-09-18, 0.000000
T1, 40, 2022-09-18, CDTQQES6V, 2018-12-11, 2034-12-11, 6.000000, 9.625303, 6, No, REAL/365, No, 2022-09-18, 0.000000
T1, 41, 2022-09-18, CDTHEFS6V, 2020-02-13, 2035-02-13, 7.500000, 9.632031, 6, No, REAL/365, No, 2022-09-18, 0.000000
T1, 42, 2022-09-18, CDTAOGS6V, 2012-03-04, 2035-03-04, 7.000000, 9.633977, 6, No, REAL/365, No, 2022-09-18, 0.000000
T1, 43, 2022-09-18, CDTNWUS6V, 2015-04-25, 2035-04-25, 8.000000, 9.639187, 6, No, REAL/365, No, 2022-09-18, 0.000000
T1, 44, 2022-09-18, CDTADMS6V, 2020-07-05, 2035-07-05, 8.700000, 9.646038, 6, No, REAL/365, No, 2022-09-18, 0.000000
T1, 45, 2022-09-18, CDTIOIS6V, 2014-11-12, 2035-11-12, 8.000000, 9.657851, 6, No, REAL/365, No, 2022-09-18, 0.000000
T1, 46, 2022-09-18, CDTFSTS6V, 2016-11-18, 2036-11-18, 7.000000, 9.687208, 6, No, REAL/365, No, 2022-09-18, 0.000000
T1, 47, 2022-09-18, CDTNNXS6V, 2018-12-15, 2037-12-15, 8.000000, 9.712545, 6, No, REAL/365, No, 2022-09-18, 0.000000
T1, 48, 2022-09-18, CDTCRAS6V, 2018-02-04, 2038-02-04, 8.150000, 9.715503, 6, No, REAL/365, No, 2022-09-18, 0.000000
T1, 49, 2022-09-18, CDTBQAS6V, 2017-04-15, 2038-04-15, 8.750000, 9.719451, 6, No, REAL/365, No, 2022-09-18, 0.000000
T1, 50, 2022-09-18, CDTOUHS6V, 2016-06-04, 2038-06-04, 8.000000, 9.722196, 6, No, REAL/365, No, 2022-09-18, 0.000000
T1, 51, 2022-09-18, CDTEOWS6V, 2012-07-16, 2038-07-16, 7.500000, 9.724455, 6, No, REAL/365, No, 2022-09-18, 0.000000
T1, 52, 2022-09-18, CDTCBXS6V, 2017-05-09, 2039-05-09, 8.400000, 9.739313, 6, No, REAL/365, No, 2022-09-18, 0.000000
T1, 53, 2022-09-18, CDTEGJS6V, 2013-10-12, 2039-10-12, 10.000000, 9.746419, 6, No, REAL/365, No, 2022-09-18, 0.000000
T1, 54, 2022-09-18, CDTRTHS6V, 2012-12-16, 2039-12-16, 8.000000, 9.749254, 6, No, REAL/365, No, 2022-09-18, 0.000000
T1, 55, 2022-09-18, CDTEDFS6V, 2013-06-02, 2030-06-02, 9.000000, 9.760000, 6, No, REAL/365, No, 2022-09-18, 0.000000
T1, 56, 2022-09-18, CDTLVWS6V, 2018-10-13, 2040-10-13, 9.000000, 9.761555, 6, No, REAL/365, No, 2022-09-18, 0.000000
T1, 57, 2022-09-18, CDTNAGS6V, 2013-12-21, 2040-12-21, 9.250000, 9.764181, 6, No, REAL/365, No, 2022-09-18, 0.000000
T1, 58, 2022-09-18, CDTRVCS6V, 2010-12-22, 2040-12-22, 10.000000, 9.764219, 6, No, REAL/365, No, 2022-09-18, 0.000000
T1, 59, 2022-09-18, CDTZGLS6V, 2014-11-10, 2041-11-10, 10.400000, 9.775716, 6, No, REAL/365, No, 2022-09-18, 0.000000
T1, 60, 2022-09-18, CDTABLS6V, 2021-02-08, 2042-02-08, 9.900000, 9.778708, 6, No, REAL/365, No, 2022-09-18, 0.000000
T1, 61, 2022-09-18, CDTRBSS6V, 2021-05-28, 2042-05-28, 9.750000, 9.782218, 6, No, REAL/365, No, 2022-09-18, 0.000000
T1, 62, 2022-09-18, CDTWQIS6V, 2020-07-15, 2042-07-15, 10.800000, 9.783726, 6, No, REAL/365, No, 2022-09-18, 0.000000
T1, 63, 2022-09-18, CDTLAZS6V, 2013-09-06, 2042-09-06, 11.000000, 9.785366, 6, No, REAL/365, No, 2022-09-18, 0.000000
T1, 64, 2022-09-18, CDTYOLS6V, 2015-11-16, 2042-11-16, 9.000000, 9.787522, 6, No, REAL/365, No, 2022-09-18, 0.000000
T1, 65, 2022-09-18, CDTLZYS6V, 2012-03-04, 2043-03-04, 7.800000, 9.790714, 6, No, REAL/365, No, 2022-09-18, 0.000000
T1, 66, 2022-09-18, CDTBEDS6V, 2013-04-15, 2043-04-15, 9.000000, 9.791929, 6, No, REAL/365, No, 2022-09-18, 0.000000
T1, 67, 2022-09-18, CDTVNZS6V, 2015-07-04, 2043-07-04, 9.700000, 9.794201, 6, No, REAL/365, No, 2022-09-18, 0.000000
T1, 68, 2022-09-18, CDTVLGS6V, 2012-10-14, 2043-10-14, 8.000000, 9.797024, 6, No, REAL/365, No, 2022-09-18, 0.000000
T1, 69, 2022-09-18, CDTEDVS6V, 2012-11-03, 2043-11-03, 7.800000, 9.770000, 6, No, REAL/365, No, 2022-09-18, 0.000000
T1, 70, 2022-09-18, CDTWZZS6V, 2019-11-12, 2043-11-12, 8.000000, 9.797812, 6, No, REAL/365, No, 2022-09-18, 0.000000
T1, 71, 2022-09-18, CDTBZHS6V, 2013-11-17, 2043-11-17, 8.000000, 10.097947, 6, No, REAL/365, No, 2022-09-18, 0.000000
T1, 72, 2022-09-18, CDTWLES6V, 2010-10-22, 2044-10-22, 8.700000, 10.106720, 6, No, REAL/365, No, 2022-09-18, 0.000000
T1, 73, 2022-09-18, CDTLOQS6V, 2010-12-20, 2044-12-20, 9.500000, 10.108163, 6, No, REAL/365, No, 2022-09-18, 0.000000
T1, 74, 2022-09-18, CDTWOCS6V, 2014-01-23, 2045-01-23, 9.000000, 10.108984, 6, No, REAL/365, No, 2022-09-18, 0.000000
T1, 75, 2022-09-18, CDTSFXS6V, 2018-04-23, 2045-04-23, 9.300000, 10.111124, 6, No, REAL/365, No, 2022-09-18, 0.000000
T1, 76, 2022-09-18, CDTITNS6V, 2015-10-20, 2045-10-20, 9.150000, 10.115259, 6, No, REAL/365, No, 2022-09-18, 0.000000
T1, 77, 2022-09-18, CDTYPAS6V, 2018-12-23, 2045-12-23, 8.000000, 10.116685, 6, No, REAL/365, No, 2022-09-18, 0.000000
T1, 78, 2022-09-18, CDTZKIS6V, 2018-02-04, 2045-02-04, 8.000000, 10.109272, 6, No, REAL/365, No, 2022-09-18, 0.000000
T1, 79, 2022-09-18, CDTSIAS6V, 2017-04-15, 2045-04-15, 8.700000, 10.110935, 6, No, REAL/365, No, 2022-09-18, 0.000000
T1, 80, 2022-09-18, CDTCITS6V, 2016-06-04, 2045-06-04, 9.000000, 10.112105, 6, No, REAL/365, No, 2022-09-18, 0.000000
T1, 81, 2022-09-18, CDTXFES6V, 2012-12-16, 2045-12-16, 9.480000, 10.116530, 6, No, REAL/365, No, 2022-09-18, 0.000000
T1, 82, 2022-09-18, CDTWLHS6V, 2013-02-18, 2046-02-18, 8.250000, 10.117937, 6, No, REAL/365, No, 2022-09-18, 0.000000
T1, 83, 2022-09-18, CDTTNUS6V, 2012-07-03, 2046-07-03, 8.000000, 10.120832, 6, No, REAL/365, No, 2022-09-18, 0.000000
T1, 84, 2022-09-18, CDTKDIS6V, 2018-11-18, 2046-11-18, 9.000000, 10.123697, 6, No, REAL/365, No, 2022-09-18, 0.000000
T1, 85, 2022-09-18, CDTFAJS6V, 2019-12-20, 2046-12-20, 10.000000, 10.124348, 6, No, REAL/365, No, 2022-09-18, 0.000000
T1, 86, 2022-09-18, CDTRONS6V, 2017-05-05, 2047-05-05, 11.000000, 10.127062, 6, No, REAL/365, No, 2022-09-18, 0.000000
T1, 87, 2022-09-18, CDTPRLS6V, 2012-07-07, 2047-07-07, 10.300000, 10.128291, 6, No, REAL/365, No, 2022-09-18, 0.000000
T1, 88, 2022-09-18, CDTTFLS6V, 2013-08-05, 2047-08-05, 9.000000, 10.128851, 6, No, REAL/365, No, 2022-09-18, 0.000000
T1, 89, 2022-09-18, CDTXJES6V, 2017-10-06, 2047-10-06, 10.000000, 10.130036, 6, No, REAL/365, No, 2022-09-18, 0.000000
T1, 90, 2022-09-18, CDTUTYS6V, 2012-12-19, 2047-12-19, 10.000000, 10.131428, 6, No, REAL/365, No, 2022-09-18, 0.000000
T1, 91, 2022-09-18, CDTSCWS6V, 2013-05-05, 2048-05-05, 11.000000, 10.133964, 6, No, REAL/365, No, 2022-09-18, 0.000000
T1, 92, 2022-09-18, CDTJRCS6V, 2014-07-15, 2048-07-15, 11.300000, 10.135240, 6, No, REAL/365, No, 2022-09-18, 0.000000
T1, 93, 2022-09-18, CDTBMHS6V, 2016-10-22, 2048-10-22, 10.700000, 10.136986, 6, No, REAL/365, No, 2022-09-18, 0.000000
T1, 94, 2022-09-18, CDTCVOS6V, 2020-11-21, 2048-11-21, 10.500000, 10.137508, 6, No, REAL/365, No, 2022-09-18, 0.000000
T1, 95, 2022-09-18, CDTPMFS6V, 2012-12-14, 2048-12-14, 11.200000, 10.137905, 6, No, REAL/365, No, 2022-09-18, 0.000000
T1, 96, 2022-09-18, CDTEWIS6V, 2014-05-12, 2050-05-12, 10.000000, 10.146316, 6, No, REAL/365, No, 2022-09-18, 0.000000
T1, 97, 2022-09-18, CDTWZHS6V, 2021-07-14, 2050-07-14, 11.100000, 10.147287, 6, No, REAL/365, No, 2022-09-18, 0.000000
T1, 98, 2022-09-18, CDTWGNS6V, 2017-10-14, 2050-10-14, 10.400000, 10.148684, 6, No, REAL/365, No, 2022-09-18, 0.000000
T1, 99, 2022-09-18, CDTOBDS6V, 2021-10-26, 2050-10-26, 11.000000, 10.148864, 6, No, REAL/365, No, 2022-09-18, 0.000000
T1, 100, 2022-09-18, CDTRBOS6V, 2019-12-22, 2050-12-22, 11.400000, 10.149715, 6, No, REAL/365, No, 2022-09-18, 0.000000
T2, 1, 2022-09-18, CDTWDF90, 2020-10-12, 2022-10-12, 4.020000, 2.160716, 12, IPC, REAL/365, IPC, 2022-09-18, 10.840000
T2, 2, 2022-09-18, CDTRZF90, 2019-12-12, 2022-12-12, 2.150000, 2.533970, 12, IPC, REAL/365, IPC, 2022-09-18, 10.840000
T2, 3, 2022-09-18, CDTRDW90, 2018-01-18, 2023-01-18, 2.900000, 2.747923, 12, IPC, REAL/365, IPC, 2022-09-18, 10.840000
T2, 4, 2022-09-18, CDTCNP90, 2021-01-22, 2023-01-22, 0.650000, 2.770512, 12, IPC, REAL/365, IPC, 2022-09-18, 10.840000
T2, 5, 2022-09-18, CDTKVM90, 2021-01-22, 2023-01-22, 0.500000, 2.770512, 12, IPC, REAL/365, IPC, 2022-09-18, 10.840000
T2, 6, 2022-09-18, CDTLEK90, 2018-01-22, 2023-01-22, 3.100000, 2.770512, 12, IPC, REAL/365, IPC, 2022-09-18, 10.840000
T2, 7, 2022-09-18, CDTPCE90, 2021-01-22, 2023-01-22, 1.300000, 2.770512, 12, IPC, REAL/365, IPC, 2022-09-18, 10.840000
T2, 8, 2022-09-18, CDTQYU90, 2022-01-28, 2024-01-28, 5.650000, 4.472876, 12, IPC, REAL/365, IPC, 2022-09-18, 10.840000
T2, 9, 2022-09-18, CDTUZN90, 2022-01-29, 2024-01-29, 5.700000, 4.476557, 12, IPC, REAL/365, IPC, 2022-09-18, 10.840000
T2, 10, 2022-09-18, CDTSZH90, 2022-01-29, 2024-01-29, 5.700000, 4.476557, 12, IPC, REAL/365, IPC, 2022-09-18, 10.840000
T2, 11, 2022-09-18, CDTVDE90, 2020-01-30, 2024-01-30, 1.900000, 4.480234, 12, IPC, REAL/365, IPC, 2022-09-18, 10.840000
T2, 12, 2022-09-18, CDTASD90, 2012-09-04, 2024-09-04, 3.000000, 4.600000, 12, IPC, REAL/365, IPC, 2022-09-18, 10.840000
T2, 13, 2022-09-18, CDTWRF90, 2020-04-06, 2025-04-06, 3.500000, 5.734831, 12, IPC, REAL/365, IPC, 2022-09-18, 10.840000
T2, 14, 2022-09-18, CDTKIB90, 2020-04-07, 2025-04-07, 3.500000, 5.737082, 12, IPC, REAL/365, IPC, 2022-09-18, 10.840000
T2, 15, 2022-09-18, CDTPEO90, 2020-04-08, 2025-04-08, 3.500000, 5.739330, 12, IPC, REAL/365, IPC, 2022-09-18, 10.840000
T2, 16, 2022-09-18, CDTRCU90, 2020-04-14, 2025-04-14, 3.500000, 5.752767, 12, IPC, REAL/365, IPC, 2022-09-18, 10.840000
T2, 17, 2022-09-18, CDTSCM90, 2015-12-28, 2025-12-28, 4.750000, 6.252723, 12, IPC, REAL/365, IPC, 2022-09-18, 10.840000
T2, 18, 2022-09-18, CDTDOG90, 2015-12-29, 2025-12-29, 4.650000, 6.254394, 12, IPC, REAL/365, IPC, 2022-09-18, 10.840000
T2, 19, 2022-09-18, CDTKLC90, 2015-12-29, 2025-12-29, 4.650000, 6.254394, 12, IPC, REAL/365, IPC, 2022-09-18, 10.840000
T2, 20, 2022-09-18, CDTHVF90, 2016-03-04, 2026-03-04, 4.850000, 6.359094, 12, IPC, REAL/365, IPC, 2022-09-18, 10.840000
T2, 21, 2022-09-18, CDTIFW90, 2016-03-07, 2026-03-07, 4.850000, 6.363746, 12, IPC, REAL/365, IPC, 2022-09-18, 10.840000
T2, 22, 2022-09-18, CDTLRK90, 2016-03-08, 2026-03-08, 4.850000, 6.365293, 12, IPC, REAL/365, IPC, 2022-09-18, 10.840000
T2, 23, 2022-09-18, CDTUFO90, 2016-03-09, 2026-03-09, 4.850000, 6.366839, 12, IPC, REAL/365, IPC, 2022-09-18, 10.840000
T2, 24, 2022-09-18, CDTKGB90, 2022-08-25, 2027-08-25, 6.900000, 6.990265, 12, IPC, REAL/365, IPC, 2022-09-18, 10.840000
T2, 25, 2022-09-18, CDTCSS90, 2022-08-26, 2027-08-26, 6.900000, 6.991125, 12, IPC, REAL/365, IPC, 2022-09-18, 10.840000
T2, 26, 2022-09-18, CDTFUL90, 2012-08-28, 2027-08-28, 4.230000, 6.992841, 12, IPC, REAL/365, IPC, 2022-09-18, 10.840000
T2, 27, 2022-09-18, CDTMQQ90, 2022-08-30, 2027-08-30, 6.900000, 6.994553, 12, IPC, REAL/365, IPC, 2022-09-18, 10.840000
T2, 28, 2022-09-18, CDTCGG90, 2019-12-04, 2029-12-04, 3.500000, 7.465458, 12, IPC, REAL/365, IPC, 2022-09-18, 10.840000
T2, 29, 2022-09-18, CDTSIA90, 2019-12-05, 2029-12-05, 3.500000, 7.465818, 12, IPC, REAL/365, IPC, 2022-09-18, 10.840000
T2, 30, 2022-09-18, CDTCUQ90, 2019-12-06, 2029-12-06, 3.500000, 7.466177, 12, IPC, REAL/365, IPC, 2022-09-18, 10.840000
T2, 31, 2022-09-18, CDTMJE90, 2019-12-09, 2029-12-09, 3.500000, 7.467253, 12, IPC, REAL/365, IPC, 2022-09-18, 10.840000
T2, 32, 2022-09-18, CDTNOM90, 2020-01-16, 2030-01-16, 2.950000, 7.480596, 12, IPC, REAL/365, IPC, 2022-09-18, 10.840000
T2, 33, 2022-09-18, CDTPXU90, 2022-03-17, 2030-03-17, 4.250000, 7.500655, 12, IPC, REAL/365, IPC, 2022-09-18, 10.840000
T2, 34, 2022-09-18, CDTTRR90, 2015-12-18, 2030-12-18, 4.900000, 7.579029, 12, IPC, REAL/365, IPC, 2022-09-18, 10.840000
T2, 35, 2022-09-18, CDTQWB90, 2020-12-22, 2030-12-22, 3.170000, 7.580017, 12, IPC, REAL/365, IPC, 2022-09-18, 10.840000
T2, 36, 2022-09-18, CDTVNG90, 2015-12-24, 2030-12-24, 4.900000, 7.580510, 12, IPC, REAL/365, IPC, 2022-09-18, 10.840000
T2, 37, 2022-09-18, CDTOSP90, 2015-12-28, 2030-12-28, 4.900000, 7.581492, 12, IPC, REAL/365, IPC, 2022-09-18, 10.840000
T2, 38, 2022-09-18, CDTRZQ90, 2014-01-14, 2031-01-14, 5.020000, 7.585624, 12, IPC, REAL/365, IPC, 2022-09-18, 10.840000
T2, 39, 2022-09-18, CDTHKZ90, 2014-01-17, 2031-01-17, 5.020000, 7.586346, 12, IPC, REAL/365, IPC, 2022-09-18, 10.840000
T2, 40, 2022-09-18, CDTABF90, 2014-01-20, 2031-01-20, 5.000000, 7.587066, 12, IPC, REAL/365, IPC, 2022-09-18, 10.840000
T2, 41, 2022-09-18, CDTGTM90, 2014-01-21, 2031-01-21, 5.000000, 7.587306, 12, IPC, REAL/365, IPC, 2022-09-18, 10.840000
T2, 42, 2022-09-18, CDTCKP90, 2016-02-08, 2031-02-08, 5.200000, 7.591580, 12, IPC, REAL/365, IPC, 2022-09-18, 10.840000
T2, 43, 2022-09-18, CDTTSQ90, 2016-02-09, 2031-02-09, 5.200000, 7.591815, 12, IPC, REAL/365, IPC, 2022-09-18, 10.840000
T2, 44, 2022-09-18, CDTDLD90, 2016-02-22, 2031-02-22, 5.250000, 7.594853, 12, IPC, REAL/365, IPC, 2022-09-18, 10.840000
T2, 45, 2022-09-18, CDTFZJ90, 2016-02-25, 2031-02-25, 5.200000, 7.595549, 12, IPC, REAL/365, IPC, 2022-09-18, 10.840000
T2, 46, 2022-09-18, CDTVFN90, 2022-02-25, 2032-02-25, 4.300000, 7.667112, 12, IPC, REAL/365, IPC, 2022-09-18, 10.840000
T2, 47, 2022-09-18, CDTVEE90, 2020-03-27, 2032-03-27, 4.500000, 7.672155, 12, IPC, REAL/365, IPC, 2022-09-18, 10.840000
T2, 48, 2022-09-18, CDTBMS90, 2020-04-01, 2032-04-01, 4.500000, 7.672955, 12, IPC, REAL/365, IPC, 2022-09-18, 10.840000
T2, 49, 2022-09-18, CDTQWX90, 2020-04-02, 2032-04-02, 4.500000, 7.673114, 12, IPC, REAL/365, IPC, 2022-09-18, 10.840000
T2, 50, 2022-09-18, CDTGNX90, 2022-05-03, 2032-05-03, 4.400000, 7.677991, 12, IPC, REAL/365, IPC, 2022-09-18, 10.840000
T2, 51, 2022-09-18, CDTZNH90, 2022-07-06, 2032-07-06, 6.200000, 7.687644, 12, IPC, REAL/365, IPC, 2022-09-18, 10.840000
T2, 52, 2022-09-18, CDTZBM90, 2020-08-21, 2032-08-21, 3.300000, 7.694253, 12, IPC, REAL/365, IPC, 2022-09-18, 10.840000
T2, 53, 2022-09-18, CDTKZD90, 2022-07-14, 2033-07-14, 6.700000, 7.734392, 12, IPC, REAL/365, IPC, 2022-09-18, 10.840000
T2, 54, 2022-09-18, CDTZWG90, 2022-08-03, 2033-08-03, 7.000000, 7.736508, 12, IPC, REAL/365, IPC, 2022-09-18, 10.840000
T2, 55, 2022-09-18, CDTLBA90, 2022-08-10, 2033-08-10, 7.000000, 7.737241, 12, IPC, REAL/365, IPC, 2022-09-18, 10.840000
T2, 56, 2022-09-18, CDTLHA90, 2022-06-28, 2034-06-28, 6.200000, 7.766871, 12, IPC, REAL/365, IPC, 2022-09-18, 10.840000
T2, 57, 2022-09-18, CDTURK90, 2022-06-29, 2034-06-29, 6.200000, 7.766952, 12, IPC, REAL/365, IPC, 2022-09-18, 10.840000
T2, 58, 2022-09-18, CDTZPG90, 2022-06-30, 2034-06-30, 6.200000, 7.767033, 12, IPC, REAL/365, IPC, 2022-09-18, 10.840000
T2, 59, 2022-09-18, CDTJCD90, 2022-07-06, 2034-07-06, 6.200000, 7.767517, 12, IPC, REAL/365, IPC, 2022-09-18, 10.840000
T2, 60, 2022-09-18, CDTNWS90, 2020-04-02, 2035-04-02, 4.550000, 7.787213, 12, IPC, REAL/365, IPC, 2022-09-18, 10.840000
T2, 61, 2022-09-18, CDTZNV90, 2022-07-07, 2035-07-07, 6.550000, 7.793346, 12, IPC, REAL/365, IPC, 2022-09-18, 10.840000
T2, 62, 2022-09-18, CDTDMB90, 2022-07-08, 2035-07-08, 6.550000, 7.793407, 12, IPC, REAL/365, IPC, 2022-09-18, 10.840000
T2, 63, 2022-09-18, CDTCNY90, 2022-07-11, 2035-07-11, 6.550000, 7.793592, 12, IPC, REAL/365, IPC, 2022-09-18, 10.840000
T2, 64, 2022-09-18, CDTLPC90, 2021-01-15, 2036-01-15, 3.050000, 7.804467, 12, IPC, REAL/365, IPC, 2022-09-18, 10.840000
T2, 65, 2022-09-18, CDTDTY90, 2021-05-28, 2036-05-28, 4.100000, 7.811439, 12, IPC, REAL/365, IPC, 2022-09-18, 10.840000
T2, 66, 2022-09-18, CDTSEX90, 2021-05-28, 2036-05-28, 4.100000, 7.811439, 12, IPC, REAL/365, IPC, 2022-09-18, 10.840000
T2, 67, 2022-09-18, CDTYOL90, 2021-12-01, 2036-12-01, 4.400000, 7.820240, 12, IPC, REAL/365, IPC, 2022-09-18, 10.840000
T2, 68, 2022-09-18, CDTJQN90, 2021-12-16, 2036-12-16, 4.300000, 7.820904, 12, IPC, REAL/365, IPC, 2022-09-18, 10.840000
T2, 69, 2022-09-18, CDTSLR90, 2016-12-20, 2036-12-20, 4.150000, 7.821080, 12, IPC, REAL/365, IPC, 2022-09-18, 10.840000
T2, 70, 2022-09-18, CDTLAV90, 2016-12-26, 2036-12-26, 4.150000, 7.821343, 12, IPC, REAL/365, IPC, 2022-09-18, 10.840000
T2, 71, 2022-09-18, CDTAEI90, 2017-02-20, 2037-02-20, 4.040000, 7.823755, 12, IPC, REAL/365, IPC, 2022-09-18, 10.840000
T2, 72, 2022-09-18, CDTCEP90, 2022-02-25, 2037-02-25, 4.500000, 7.823967, 12, IPC, REAL/365, IPC, 2022-09-18, 10.840000
T2, 73, 2022-09-18, CDTHIR90, 2022-08-09, 2037-08-09, 7.200000, 7.830621, 12, IPC, REAL/365, IPC, 2022-09-18, 10.840000
T2, 74, 2022-09-18, CDTVDK90, 2022-08-10, 2037-08-10, 7.200000, 7.830659, 12, IPC, REAL/365, IPC, 2022-09-18, 10.840000
T2, 75, 2022-09-18, CDTLXS90, 2017-09-08, 2037-09-08, 4.100000, 7.831766, 12, IPC, REAL/365, IPC, 2022-09-18, 10.840000
T2, 76, 2022-09-18, CDTZCH90, 2017-09-11, 2037-09-11, 4.100000, 7.831879, 12, IPC, REAL/365, IPC, 2022-09-18, 10.840000
T2, 77, 2022-09-18, CDTZSU90, 2018-01-15, 2038-01-15, 4.000000, 7.836483, 12, IPC, REAL/365, IPC, 2022-09-18, 10.840000
T2, 78, 2022-09-18, CDTTEK90, 2018-01-29, 2038-01-29, 4.000000, 7.836976, 12, IPC, REAL/365, IPC, 2022-09-18, 10.840000
T2, 79, 2022-09-18, CDTUNM90, 2018-05-17, 2038-05-17, 4.000000, 7.840660, 12, IPC, REAL/365, IPC, 2022-09-18, 10.840000
T2, 80, 2022-09-18, CDTSND90, 2019-05-22, 2039-05-22, 4.080000, 7.851889, 12, IPC, REAL/365, IPC, 2022-09-18, 10.840000
T2, 81, 2022-09-18, CDTYCA90, 2019-05-24, 2039-05-24, 4.080000, 7.851944, 12, IPC, REAL/365, IPC, 2022-09-18, 10.840000
T2, 82, 2022-09-18, CDTDAE90, 2019-05-27, 2039-05-27, 4.080000, 7.852027, 12, IPC, REAL/365, IPC, 2022-09-18, 10.840000
T2, 83, 2022-09-18, CDTWUZ90, 2019-06-18, 2039-06-18, 4.050000, 7.852634, 12, IPC, REAL/365, IPC, 2022-09-18, 10.840000
T2, 84, 2022-09-18, CDTGKK90, 2019-06-28, 2039-06-28, 4.050000, 7.852908, 12, IPC, REAL/365, IPC, 2022-09-18, 10.840000
T2, 85, 2022-09-18, CDTGPY90, 2019-11-20, 2039-11-20, 3.800000, 7.856746, 12, IPC, REAL/365, IPC, 2022-09-18, 10.840000
T2, 86, 2022-09-18, CDTSCJ90, 2019-11-22, 2039-11-22, 3.800000, 7.856798, 12, IPC, REAL/365, IPC, 2022-09-18, 10.840000
T2, 87, 2022-09-18, CDTQTL90, 2019-12-06, 2039-12-06, 3.800000, 7.857155, 12, IPC, REAL/365, IPC, 2022-09-18, 10.840000
T2, 88, 2022-09-18, CDTORP90, 2020-04-02, 2040-04-02, 4.600000, 7.860087, 12, IPC, REAL/365, IPC, 2022-09-18, 10.840000
T2, 89, 2022-09-18, CDTSHK90, 2020-05-04, 2040-05-04, 4.350000, 7.860858, 12, IPC, REAL/365, IPC, 2022-09-18, 10.840000
T2, 90, 2022-09-18, CDTXLE90, 2020-05-06, 2040-05-06, 4.350000, 7.860906, 12, IPC, REAL/365, IPC, 2022-09-18, 10.840000
T2, 91, 2022-09-18, CDTFHF90, 2020-05-07, 2040-05-07, 4.350000, 7.860930, 12, IPC, REAL/365, IPC, 2022-09-18, 10.840000
T2, 92, 2022-09-18, CDTJJO90, 2017-04-24, 2042-04-24, 4.130000, 7.875916, 12, IPC, REAL/365, IPC, 2022-09-18, 10.840000
T2, 93, 2022-09-18, CDTEVK90, 2017-07-05, 2042-07-05, 4.120000, 7.877221, 12, IPC, REAL/365, IPC, 2022-09-18, 10.840000
T2, 94, 2022-09-18, CDTCMN90, 2017-07-13, 2042-07-13, 4.120000, 7.877364, 12, IPC, REAL/365, IPC, 2022-09-18, 10.840000
T2, 95, 2022-09-18, CDTGUK90, 2017-08-09, 2042-08-09, 4.120000, 7.877844, 12, IPC, REAL/365, IPC, 2022-09-18, 10.840000
T2, 96, 2022-09-18, CDTGCN90, 2018-09-26, 2043-09-26, 4.120000, 7.884695, 12, IPC, REAL/365, IPC, 2022-09-18, 10.840000
T2, 97, 2022-09-18, CDTPAA90, 2018-10-19, 2043-10-19, 4.110000, 7.885051, 12, IPC, REAL/365, IPC, 2022-09-18, 10.840000
T2, 98, 2022-09-18, CDTFIK90, 2018-11-16, 2043-11-16, 4.110000, 7.885482, 12, IPC, REAL/365, IPC, 2022-09-18, 10.840000
T2, 99, 2022-09-18, CDTVQT90, 2018-03-07, 2044-03-07, 4.100000, 7.887171, 12, IPC, REAL/365, IPC, 2022-09-18, 10.840000
T2, 100, 2022-09-18, CDTORY90, 2018-03-15, 2044-03-15, 4.150000, 7.887290, 12, IPC, REAL/365, IPC, 2022-09-18, 10.840000
T3, 1, 2022-09-18, CDTDANS4V, 2022-08-19, 2022-09-20, 10.639851, 11.022023, 3, No, REAL/365, No, 2022-09-18, 0.000000
T3, 2, 2022-09-18, CDTTABS4V, 2022-07-08, 2022-10-08, 9.902230, 11.072297, 3, No, REAL/365, No, 2022-09-18, 0.000000
T3, 3, 2022-09-18, CDTMYJS4V, 2022-06-21, 2022-10-21, 10.058576, 11.108168, 3, No, REAL/365, No, 2022-09-18, 0.000000
T3, 4, 2022-09-18, CDTWKFS4V, 2022-07-21, 2022-10-21, 10.488964, 11.108168, 3, No, REAL/365, No, 2022-09-18, 0.000000
T3, 5, 2022-09-18, CDTMRYS4V, 2022-07-07, 2022-11-08, 10.058576, 11.157236, 3, No, REAL/365, No, 2022-09-18, 0.000000
T3, 6, 2022-09-18, CDTDTES4V, 2022-06-14, 2022-12-14, 9.736572, 11.253321, 3, No, REAL/365, No, 2022-09-18, 0.000000
T3, 7, 2022-09-18, CDTVTNS4V, 2022-07-11, 2023-01-11, 11.028843, 11.326201, 3, No, REAL/365, No, 2022-09-18, 0.000000
T3, 8, 2022-09-18, CDTYWLS4V, 2022-07-13, 2023-01-13, 10.596825, 11.331346, 3, No, REAL/365, No, 2022-09-18, 0.000000
T3, 9, 2022-09-18, CDTWMDS4V, 2022-07-13, 2023-01-13, 11.462126, 11.331346, 3, No, REAL/365, No, 2022-09-18, 0.000000
T3, 10, 2022-09-18, CDTMPNS4V, 2022-07-13, 2023-01-13, 10.435143, 11.331346, 3, No, REAL/365, No, 2022-09-18, 0.000000
T3, 11, 2022-09-18, CDTXNJS4V, 2022-08-31, 2023-02-28, 13.647593, 11.447472, 3, No, REAL/365, No, 2022-09-18, 0.000000
T3, 12, 2022-09-18, CDTFKHS4V, 2022-08-30, 2023-02-28, 11.191176, 11.447472, 3, No, REAL/365, No, 2022-09-18, 0.000000
T3, 13, 2022-09-18, CDTDOPS4V, 2022-08-31, 2023-02-28, 11.191176, 11.447472, 3, No, REAL/365, No, 2022-09-18, 0.000000
T3, 14, 2022-09-18, CDTGMTS4V, 2022-09-07, 2023-03-07, 11.191176, 11.464779, 3, No, REAL/365, No, 2022-09-18, 0.000000
T3, 15, 2022-09-18, CDTFYCS4V, 2022-07-28, 2023-04-29, 11.679242, 11.592770, 3, No, REAL/365, No, 2022-09-18, 0.000000
T3, 16, 2022-09-18, CDTFCQS4V, 2022-09-07, 2023-05-07, 11.245326, 11.611631, 3, No, REAL/365, No, 2022-09-18, 0.000000
T3, 17, 2022-09-18, CDTYBNS4V, 2022-05-30, 2023-05-30, 11.245326, 11.665197, 3, No, REAL/365, No, 2022-09-18, 0.000000
T3, 18, 2022-09-18, CDTXTGS4V, 2022-05-31, 2023-05-30, 10.489018, 11.665197, 3, No, REAL/365, No, 2022-09-18, 0.000000
T3, 19, 2022-09-18, CDTECXS4V, 2022-05-27, 2023-06-02, 10.381289, 11.672113, 3, No, REAL/365, No, 2022-09-18, 0.000000
T3, 20, 2022-09-18, CDTFXES4V, 2022-06-28, 2023-07-04, 9.629287, 11.744873, 3, No, REAL/365, No, 2022-09-18, 0.000000
T3, 21, 2022-09-18, CDTKSTS4V, 2022-07-01, 2023-07-04, 13.065309, 11.744873, 3, No, REAL/365, No, 2022-09-18, 0.000000
T3, 22, 2022-09-18, CDTPZQS4V, 2022-07-14, 2023-07-14, 12.988609, 11.767237, 3, No, REAL/365, No, 2022-09-18, 0.000000
T3, 23, 2022-09-18, CDTYNIS4V, 2022-08-02, 2023-08-02, 14.641313, 11.809245, 3, No, REAL/365, No, 2022-09-18, 0.000000
T3, 24, 2022-09-18, CDTXBPS4V, 2022-08-02, 2023-08-02, 12.529028, 11.809245, 3, No, REAL/365, No, 2022-09-18, 0.000000
T3, 25, 2022-09-18, CDTSZIS4V, 2022-08-02, 2023-08-02, 15.307720, 11.809245, 3, No, REAL/365, No, 2022-09-18, 0.000000
T3, 26, 2022-09-18, CDTNRQS4V, 2022-08-24, 2023-08-24, 15.085222, 11.857107, 3, No, REAL/365, No, 2022-09-18, 0.000000
T3, 27, 2022-09-18, CDTYRMS4V, 2022-09-01, 2023-09-01, 15.196453, 11.874307, 3, No, REAL/365, No, 2022-09-18, 0.000000
T3, 28, 2022-09-18, CDTYIFS4V, 2022-09-01, 2023-09-01, 14.530606, 11.874307, 3, No, REAL/365, No, 2022-09-18, 0.000000
T3, 29, 2022-09-18, CDTUJZS4V, 2022-03-17, 2023-09-18, 9.704003, 11.910497, 3, No, REAL/365, No, 2022-09-18, 0.000000
T3, 30, 2022-09-18, CDTYFHS4V, 2022-03-18, 2023-09-18, 9.736615, 11.910497, 3, No, REAL/365, No, 2022-09-18, 0.000000
T3, 31, 2022-09-18, CDTUTES4V, 2022-03-18, 2023-09-18, 9.737022, 11.910497, 3, No, REAL/365, No, 2022-09-18, 0.000000
T3, 32, 2022-09-18, CDTKEGS4V, 2022-04-13, 2023-10-14, 9.308343, 11.964915, 3, No, REAL/365, No, 2022-09-18, 0.000000
T3, 33, 2022-09-18, CDTWILS4V, 2022-04-13, 2023-10-14, 9.843796, 11.964915, 3, No, REAL/365, No, 2022-09-18, 0.000000
T3, 34, 2022-09-18, CDTSNJS4V, 2022-05-17, 2023-11-17, 10.542965, 12.034412, 3, No, REAL/365, No, 2022-09-18, 0.000000
T3, 35, 2022-09-18, CDTSNSS4V, 2022-06-02, 2023-12-02, 12.441703, 12.064483, 3, No, REAL/365, No, 2022-09-18, 0.000000
T3, 36, 2022-09-18, CDTCXPS4V, 2022-06-02, 2023-12-02, 10.812244, 12.064483, 3, No, REAL/365, No, 2022-09-18, 0.000000
T3, 37, 2022-09-18, CDTEABS4V, 2022-06-02, 2023-12-02, 10.058533, 12.064483, 3, No, REAL/365, No, 2022-09-18, 0.000000
T3, 38, 2022-09-18, CDTJVWS4V, 2022-06-17, 2023-12-17, 11.679068, 12.094199, 3, No, REAL/365, No, 2022-09-18, 0.000000
T3, 39, 2022-09-18, CDTSPSS4V, 2022-06-17, 2023-12-17, 13.317742, 12.094199, 3, No, REAL/365, No, 2022-09-18, 0.000000
T3, 40, 2022-09-18, CDTKXNS4V, 2022-08-11, 2024-02-11, 15.474666, 12.202074, 3, No, REAL/365, No, 2022-09-18, 0.000000
T3, 41, 2022-09-18, CDTETNS4V, 2022-08-11, 2024-02-11, 15.419023, 12.202074, 3, No, REAL/365, No, 2022-09-18, 0.000000
T3, 42, 2022-09-18, CDTPAJS4V, 2022-03-23, 2024-03-26, 9.843828, 12.283537, 3, No, REAL/365, No, 2022-09-18, 0.000000
T3, 43, 2022-09-18, CDTHQIS4V, 2022-04-18, 2024-04-02, 9.736572, 12.296237, 3, No, REAL/365, No, 2022-09-18, 0.000000
T3, 44, 2022-09-18, CDTTZKS4V, 2022-03-22, 2024-04-02, 10.058576, 12.296237, 3, No, REAL/365, No, 2022-09-18, 0.000000
T3, 45, 2022-09-18, CDTSGXS4V, 2022-04-22, 2024-04-22, 9.736572, 12.332135, 3, No, REAL/365, No, 2022-09-18, 0.000000
T3, 46, 2022-09-18, CDTNAWS4V, 2022-07-19, 2024-04-22, 13.702638, 12.332135, 3, No, REAL/365, No, 2022-09-18, 0.000000
T3, 47, 2022-09-18, CDTRIXS4V, 2022-05-04, 2024-05-04, 11.028789, 12.353402, 3, No, REAL/365, No, 2022-09-18, 0.000000
T3, 48, 2022-09-18, CDTFPQS4V, 2022-05-04, 2024-05-04, 11.028789, 12.353402, 3, No, REAL/365, No, 2022-09-18, 0.000000
T3, 49, 2022-09-18, CDTJGZS4V, 2022-05-19, 2024-05-19, 11.028908, 12.379702, 3, No, REAL/365, No, 2022-09-18, 0.000000
T3, 50, 2022-09-18, CDTYDFS4V, 2022-05-19, 2024-05-19, 10.575289, 12.379702, 3, No, REAL/365, No, 2022-09-18, 0.000000
T3, 51, 2022-09-18, CDTNZOS4V, 2022-06-02, 2024-06-02, 10.920493, 12.403968, 3, No, REAL/365, No, 2022-09-18, 0.000000
T3, 52, 2022-09-18, CDTUWZS4V, 2022-06-02, 2024-06-02, 10.812676, 12.403968, 3, No, REAL/365, No, 2022-09-18, 0.000000
T3, 53, 2022-09-18, CDTIALS4V, 2022-06-02, 2024-06-02, 10.489071, 12.403968, 3, No, REAL/365, No, 2022-09-18, 0.000000
T3, 54, 2022-09-18, CDTUDPS4V, 2022-07-01, 2024-07-01, 10.542868, 12.453380, 3, No, REAL/365, No, 2022-09-18, 0.000000
T3, 55, 2022-09-18, CDTAVFS4V, 2022-08-03, 2024-08-03, 15.084733, 12.508238, 3, No, REAL/365, No, 2022-09-18, 0.000000
T3, 56, 2022-09-18, CDTYUNS4V, 2022-08-03, 2024-08-03, 15.085277, 12.508238, 3, No, REAL/365, No, 2022-09-18, 0.000000
T3, 57, 2022-09-18, CDTUAUS4V, 2022-08-03, 2024-08-03, 15.474666, 12.508238, 3, No, REAL/365, No, 2022-09-18, 0.000000
T3, 58, 2022-09-18, CDTMYSS4V, 2022-09-07, 2024-09-07, 15.865008, 12.564865, 3, No, REAL/365, No, 2022-09-18, 0.000000
T3, 59, 2022-09-18, CDTTZDS4V, 2022-09-07, 2024-09-07, 15.865042, 12.564865, 3, No, REAL/365, No, 2022-09-18, 0.000000
T3, 60, 2022-09-18, CDTNLVS4V, 2022-04-29, 2024-10-29, 11.245370, 12.646130, 3, No, REAL/365, No, 2022-09-18, 0.000000
T3, 61, 2022-09-18, CDTDOFS4V, 2022-05-06, 2024-11-07, 10.920720, 12.659856, 3, No, REAL/365, No, 2022-09-18, 0.000000
T3, 62, 2022-09-18, CDTBBXS4V, 2022-06-10, 2024-12-10, 12.660193, 12.709346, 3, No, REAL/365, No, 2022-09-18, 0.000000
T3, 63, 2022-09-18, CDTGEBS4V, 2022-08-27, 2025-02-27, 15.094733, 12.822644, 3, No, REAL/365, No, 2022-09-18, 0.000000
T3, 64, 2022-09-18, CDTLHXS4V, 2022-03-15, 2025-03-15, 10.653045, 12.844730, 3, No, REAL/365, No, 2022-09-18, 0.000000
T3, 65, 2022-09-18, CDTLLOS4V, 2022-04-05, 2025-04-05, 10.112280, 12.873289, 3, No, REAL/365, No, 2022-09-18, 0.000000
T3, 66, 2022-09-18, CDTSMVS4V, 2022-04-29, 2025-04-29, 11.142143, 12.905344, 3, No, REAL/365, No, 2022-09-18, 0.000000
T3, 67, 2022-09-18, CDTIFXS4V, 2022-04-29, 2025-04-29, 10.920720, 12.905344, 3, No, REAL/365, No, 2022-09-18, 0.000000
T3, 68, 2022-09-18, CDTMBUS4V, 2022-07-31, 2025-04-30, 13.837275, 12.906667, 3, No, REAL/365, No, 2022-09-18, 0.000000
T3, 69, 2022-09-18, CDTAAUS4V, 2022-05-23, 2025-06-01, 9.747069, 12.948422, 3, No, REAL/365, No, 2022-09-18, 0.000000
T3, 70, 2022-09-18, CDTZZTS4V, 2022-06-01, 2025-06-01, 13.537540, 12.948422, 3, No, REAL/365, No, 2022-09-18, 0.000000
T3, 71, 2022-09-18, CDTAYOS4V, 2022-09-02, 2025-06-02, 15.364024, 12.949709, 3, No, REAL/365, No, 2022-09-18, 0.000000
T3, 72, 2022-09-18, CDTMUQS4V, 2022-06-30, 2025-06-30, 14.143763, 12.985344, 3, No, REAL/365, No, 2022-09-18, 0.000000
T3, 73, 2022-09-18, CDTHNWS4V, 2022-07-13, 2025-07-14, 13.207951, 13.002862, 3, No, REAL/365, No, 2022-09-18, 0.000000
T3, 74, 2022-09-18, CDTYBUS4V, 2022-08-26, 2025-08-26, 15.865042, 13.055448, 3, No, REAL/365, No, 2022-09-18, 0.000000
T3, 75, 2022-09-18, CDTOPJS4V, 2022-08-26, 2025-08-26, 14.198945, 13.055448, 3, No, REAL/365, No, 2022-09-18, 0.000000
T3, 76, 2022-09-18, CDTRQMS4V, 2022-09-09, 2025-09-09, 15.865008, 13.072178, 3, No, REAL/365, No, 2022-09-18, 0.000000
T3, 77, 2022-09-18, CDTNRLS4V, 2022-04-06, 2025-10-06, 10.920720, 13.103914, 3, No, REAL/365, No, 2022-09-18, 0.000000
T3, 78, 2022-09-18, CDTOLXS4V, 2022-04-28, 2025-10-28, 11.353654, 13.129265, 3, No, REAL/365, No, 2022-09-18, 0.000000
T3, 79, 2022-09-18, CDTKIPS4V, 2022-02-25, 2026-02-25, 10.165896, 13.259858, 3, No, REAL/365, No, 2022-09-18, 0.000000
T3, 80, 2022-09-18, CDTCWCS4V, 2022-03-29, 2026-03-29, 11.353893, 13.292585, 3, No, REAL/365, No, 2022-09-18, 0.000000
T3, 81, 2022-09-18, CDTYQVS4V, 2022-04-20, 2026-04-20, 11.245023, 13.314594, 3, No, REAL/365, No, 2022-09-18, 0.000000
T3, 82, 2022-09-18, CDTRLKS4V, 2022-04-20, 2026-04-20, 11.299551, 13.314594, 3, No, REAL/365, No, 2022-09-18, 0.000000
T3, 83, 2022-09-18, CDTSOAS4V, 2022-05-02, 2026-05-02, 12.550837, 13.326434, 3, No, REAL/365, No, 2022-09-18, 0.000000
T3, 84, 2022-09-18, CDTDBTS4V, 2022-05-02, 2026-05-02, 12.605582, 13.326434, 3, No, REAL/365, No, 2022-09-18, 0.000000
T3, 85, 2022-09-18, CDTLKPS4V, 2016-05-27, 2026-05-27, 9.789664, 13.350730, 3, No, REAL/365, No, 2022-09-18, 0.000000
T3, 86, 2022-09-18, CDTXJFS4V, 2022-07-07, 2026-07-07, 14.752555, 13.389518, 3, No, REAL/365, No, 2022-09-18, 0.000000
T3, 87, 2022-09-18, CDTSQVS4V, 2022-08-22, 2026-08-24, 15.865042, 13.433303, 3, No, REAL/365, No, 2022-09-18, 0.000000
T3, 88, 2022-09-18, CDTFWLS4V, 2022-09-05, 2026-09-05, 15.865008, 13.443982, 3, No, REAL/365, No, 2022-09-18, 0.000000
T3, 89, 2022-09-18, CDTLATS4V, 2022-04-27, 2027-04-27, 11.733549, 13.632453, 3, No, REAL/365, No, 2022-09-18, 0.000000
T3, 90, 2022-09-18, CDTNRDS4V, 2022-05-31, 2027-05-31, 13.482621, 13.656924, 3, No, REAL/365, No, 2022-09-18, 0.000000
T3, 91, 2022-09-18, CDTDVPS4V, 2022-06-30, 2027-06-30, 14.364752, 13.677949, 3, No, REAL/365, No, 2022-09-18, 0.000000
T3, 92, 2022-09-18, CDTPDSS4V, 2022-07-11, 2027-07-11, 14.309511, 13.685527, 3, No, REAL/365, No, 2022-09-18, 0.000000
T3, 93, 2022-09-18, CDTIMNS4V, 2022-07-13, 2027-07-13, 14.752300, 13.686897, 3, No, REAL/365, No, 2022-09-18, 0.000000
T3, 94, 2022-09-18, CDTJRFS4V, 2022-07-15, 2027-07-15, 9.415274, 13.688266, 3, No, REAL/365, No, 2022-09-18, 0.000000
T3, 95, 2022-09-18, CDTEYUS4V, 2022-07-28, 2027-07-28, 15.307720, 13.697103, 3, No, REAL/365, No, 2022-09-18, 0.000000
T3, 96, 2022-09-18, CDTZQWS4V, 2022-08-05, 2027-08-05, 15.697628, 13.702494, 3, No, REAL/365, No, 2022-09-18, 0.000000
T3, 97, 2022-09-18, CDTZFLS4V, 2022-08-08, 2027-08-09, 14.198922, 13.705175, 3, No, REAL/365, No, 2022-09-18, 0.000000
T3, 98, 2022-09-18, CDTQHYS4V, 2022-08-11, 2027-08-11, 15.586067, 13.706513, 3, No, REAL/365, No, 2022-09-18, 0.000000
T3, 99, 2022-09-18, CDTGUCS4V, 2022-08-11, 2027-08-11, 14.198889, 13.706513, 3, No, REAL/365, No, 2022-09-18, 0.000000
T3, 100, 2022-09-18, CDTASCS4V, 2019-06-06, 2028-06-06, 15.500000, 14.000000, 3, No, REAL/365, No, 2022-09-18, 0.000000
T4, 1, 2022-09-18, CDTTGSS1V, 2021-12-27, 2022-09-27, 7.100000, 4.538834, 1, No, REAL/365, No, 2022-09-18, 0.000000
T4, 2, 2022-09-18, CDTAQCS1V, 2021-09-28, 2022-09-28, 8.100000, 4.540110, 1, No, REAL/365, No, 2022-09-18, 0.000000
T4, 3, 2022-09-18, CDTJXZS1V, 2022-06-28, 2022-09-28, 6.100000, 4.540110, 1, No, REAL/365, No, 2022-09-18, 0.000000
T4, 4, 2022-09-18, CDTFYMS1V, 2022-03-29, 2022-09-29, 6.100000, 4.541385, 1, No, REAL/365, No, 2022-09-18, 0.000000
T4, 5, 2022-09-18, CDTEGLS1V, 2021-09-29, 2022-09-29, 6.100000, 4.541385, 1, No, REAL/365, No, 2022-09-18, 0.000000
T4, 6, 2022-09-18, CDTGDJS1V, 2022-03-31, 2022-09-30, 6.100000, 4.542661, 1, No, REAL/365, No, 2022-09-18, 0.000000
T4, 7, 2022-09-18, CDTOAKS1V, 2021-10-01, 2022-10-01, 6.100000, 4.543935, 1, No, REAL/365, No, 2022-09-18, 0.000000
T4, 8, 2022-09-18, CDTQBTS1V, 2022-07-01, 2022-10-01, 7.100000, 4.543935, 1, No, REAL/365, No, 2022-09-18, 0.000000
T4, 9, 2022-09-18, CDTYIKS1V, 2022-05-03, 2022-10-03, 7.100000, 4.546484, 1, No, REAL/365, No, 2022-09-18, 0.000000
T4, 10, 2022-09-18, CDTMCIS1V, 2021-10-04, 2022-10-04, 8.100000, 4.547757, 1, No, REAL/365, No, 2022-09-18, 0.000000
T4, 11, 2022-09-18, CDTHEJS1V, 2022-04-04, 2022-10-04, 8.100000, 4.547757, 1, No, REAL/365, No, 2022-09-18, 0.000000
T4, 12, 2022-09-18, CDTAEGS1V, 2021-10-04, 2022-10-04, 7.100000, 4.547757, 1, No, REAL/365, No, 2022-09-18, 0.000000
T4, 13, 2022-09-18, CDTOIHS1V, 2022-05-10, 2022-10-10, 6.100000, 4.555390, 1, No, REAL/365, No, 2022-09-18, 0.000000
T4, 14, 2022-09-18, CDTAXXS1V, 2022-06-10, 2022-10-10, 8.100000, 4.555390, 1, No, REAL/365, No, 2022-09-18, 0.000000
T4, 15, 2022-09-18, CDTZRLS1V, 2022-05-10, 2022-10-10, 7.100000, 4.555390, 1, No, REAL/365, No, 2022-09-18, 0.000000
T4, 16, 2022-09-18, CDTEBWS1V, 2022-07-11, 2023-01-11, 7.100000, 4.671740, 1, No, REAL/365, No, 2022-09-18, 0.000000
T4, 17, 2022-09-18, CDTENIS1V, 2022-01-11, 2023-01-11, 7.100000, 4.671740, 1, No, REAL/365, No, 2022-09-18, 0.000000
T4, 18, 2022-09-18, CDTORTS1V, 2022-01-11, 2023-01-11, 6.100000, 4.671740, 1, No, REAL/365, No, 2022-09-18, 0.000000
T4, 19, 2022-09-18, CDTMMXS1V, 2021-01-12, 2023-01-12, 7.100000, 4.672972, 1, No, REAL/365, No, 2022-09-18, 0.000000
T4, 20, 2022-09-18, CDTBPAS1V, 2021-07-12, 2023-01-12, 6.100000, 4.672972, 1, No, REAL/365, No, 2022-09-18, 0.000000
T4, 21, 2022-09-18, CDTQYHS1V, 2022-08-26, 2023-02-26, 7.100000, 4.727957, 1, No, REAL/365, No, 2022-09-18, 0.000000
T4, 22, 2022-09-18, CDTNLJS1V, 2022-02-28, 2023-02-28, 8.100000, 4.730381, 1, No, REAL/365, No, 2022-09-18, 0.000000
T4, 23, 2022-09-18, CDTQXES1V, 2021-08-31, 2023-02-28, 8.100000, 4.730381, 1, No, REAL/365, No, 2022-09-18, 0.000000
T4, 24, 2022-09-18, CDTNBLS1V, 2022-03-07, 2023-03-07, 7.100000, 4.738854, 1, No, REAL/365, No, 2022-09-18, 0.000000
T4, 25, 2022-09-18, CDTBDKS1V, 2022-09-07, 2023-03-07, 7.100000, 4.738854, 1, No, REAL/365, No, 2022-09-18, 0.000000
T4, 26, 2022-09-18, CDTDMAS1V, 2022-08-04, 2023-04-04, 8.100000, 4.772545, 1, No, REAL/365, No, 2022-09-18, 0.000000
T4, 27, 2022-09-18, CDTORSS1V, 2022-04-04, 2023-04-04, 6.100000, 4.772545, 1, No, REAL/365, No, 2022-09-18, 0.000000
T4, 28, 2022-09-18, CDTXTGS1V, 2022-04-06, 2023-04-06, 7.100000, 4.774939, 1, No, REAL/365, No, 2022-09-18, 0.000000
T4, 29, 2022-09-18, CDTUEDS1V, 2022-05-10, 2023-05-10, 7.100000, 4.815396, 1, No, REAL/365, No, 2022-09-18, 0.000000
T4, 30, 2022-09-18, CDTDWQS1V, 2022-05-11, 2023-05-11, 8.100000, 4.816579, 1, No, REAL/365, No, 2022-09-18, 0.000000
T4, 31, 2022-09-18, CDTBWTS1V, 2022-05-11, 2023-05-11, 6.100000, 4.816579, 1, No, REAL/365, No, 2022-09-18, 0.000000
T4, 32, 2022-09-18, CDTAYOS1V, 2022-08-12, 2023-05-12, 8.100000, 4.817761, 1, No, REAL/365, No, 2022-09-18, 0.000000
T4, 33, 2022-09-18, CDTSEFS1V, 2022-06-02, 2023-06-02, 8.100000, 4.842501, 1, No, REAL/365, No, 2022-09-18, 0.000000
T4, 34, 2022-09-18, CDTJCPS1V, 2021-12-02, 2023-06-02, 6.100000, 4.842501, 1, No, REAL/365, No, 2022-09-18, 0.000000
T4, 35, 2022-09-18, CDTGRJS1V, 2022-01-17, 2023-07-17, 6.100000, 4.894926, 1, No, REAL/365, No, 2022-09-18, 0.000000
T4, 36, 2022-09-18, CDTPASS1V, 2022-01-17, 2023-07-17, 7.100000, 4.894926, 1, No, REAL/365, No, 2022-09-18, 0.000000
T4, 37, 2022-09-18, CDTDIGS1V, 2022-02-14, 2023-08-14, 8.100000, 4.927145, 1, No, REAL/365, No, 2022-09-18, 0.000000
T4, 38, 2022-09-18, CDTIABS1V, 2022-02-14, 2023-08-14, 7.100000, 4.927145, 1, No, REAL/365, No, 2022-09-18, 0.000000
T4, 39, 2022-09-18, CDTPDHS1V, 2022-09-01, 2023-09-01, 6.100000, 4.947696, 1, No, REAL/365, No, 2022-09-18, 0.000000
T4, 40, 2022-09-18, CDTRVXS1V, 2021-09-30, 2023-09-30, 7.100000, 4.980543, 1, No, REAL/365, No, 2022-09-18, 0.000000
T4, 41, 2022-09-18, CDTWIDS1V, 2022-03-30, 2023-09-30, 6.100000, 4.980543, 1, No, REAL/365, No, 2022-09-18, 0.000000
T4, 42, 2022-09-18, CDTLRNS1V, 2021-10-01, 2023-10-01, 8.100000, 4.981670, 1, No, REAL/365, No, 2022-09-18, 0.000000
T4, 43, 2022-09-18, CDTSLGS1V, 2021-10-01, 2023-10-01, 8.100000, 4.981670, 1, No, REAL/365, No, 2022-09-18, 0.000000
T4, 44, 2022-09-18, CDTLGFS1V, 2021-10-04, 2023-10-04, 6.100000, 4.985048, 1, No, REAL/365, No, 2022-09-18, 0.000000
T4, 45, 2022-09-18, CDTJJUS1V, 2021-10-04, 2023-10-04, 8.100000, 4.985048, 1, No, REAL/365, No, 2022-09-18, 0.000000
T4, 46, 2022-09-18, CDTCNQS1V, 2021-11-09, 2023-11-09, 6.100000, 5.025321, 1, No, REAL/365, No, 2022-09-18, 0.000000
T4, 47, 2022-09-18, CDTYRLS1V, 2022-05-17, 2023-11-17, 8.100000, 5.034204, 1, No, REAL/365, No, 2022-09-18, 0.000000
T4, 48, 2022-09-18, CDTIQUS1V, 2021-12-01, 2023-12-01, 8.100000, 5.049691, 1, No, REAL/365, No, 2022-09-18, 0.000000
T4, 49, 2022-09-18, CDTZTYS1V, 2021-12-01, 2023-12-01, 7.100000, 5.049691, 1, No, REAL/365, No, 2022-09-18, 0.000000
T4, 50, 2022-09-18, CDTVPLS1V, 2022-07-08, 2024-01-08, 6.100000, 5.091356, 1, No, REAL/365, No, 2022-09-18, 0.000000
T4, 51, 2022-09-18, CDTRONS1V, 2022-07-08, 2024-01-08, 8.100000, 5.091356, 1, No, REAL/365, No, 2022-09-18, 0.000000
T4, 52, 2022-09-18, CDTOVES1V, 2022-01-08, 2024-01-08, 6.100000, 5.091356, 1, No, REAL/365, No, 2022-09-18, 0.000000
T4, 53, 2022-09-18, CDTDIWS1V, 2022-01-11, 2024-01-11, 7.100000, 5.094623, 1, No, REAL/365, No, 2022-09-18, 0.000000
T4, 54, 2022-09-18, CDTAHKS1V, 2021-01-12, 2024-01-12, 6.100000, 5.095711, 1, No, REAL/365, No, 2022-09-18, 0.000000
T4, 55, 2022-09-18, CDTWCOS1V, 2022-01-13, 2024-01-13, 8.100000, 5.096799, 1, No, REAL/365, No, 2022-09-18, 0.000000
T4, 56, 2022-09-18, CDTFLKS1V, 2022-01-14, 2024-01-14, 8.100000, 5.097886, 1, No, REAL/365, No, 2022-09-18, 0.000000
T4, 57, 2022-09-18, CDTUGAS1V, 2022-01-20, 2024-01-20, 7.100000, 5.104402, 1, No, REAL/365, No, 2022-09-18, 0.000000
T4, 58, 2022-09-18, CDTZXDS1V, 2022-02-08, 2024-02-08, 8.100000, 5.124950, 1, No, REAL/365, No, 2022-09-18, 0.000000
T4, 59, 2022-09-18, CDTDVMS1V, 2022-02-09, 2024-02-09, 6.100000, 5.126028, 1, No, REAL/365, No, 2022-09-18, 0.000000
T4, 60, 2022-09-18, CDTSOHS1V, 2022-08-10, 2024-02-10, 8.100000, 5.127105, 1, No, REAL/365, No, 2022-09-18, 0.000000
T4, 61, 2022-09-18, CDTUOQS1V, 2022-09-01, 2024-03-01, 7.100000, 5.148576, 1, No, REAL/365, No, 2022-09-18, 0.000000
T4, 62, 2022-09-18, CDTIIMS1V, 2022-03-03, 2024-03-03, 7.100000, 5.150715, 1, No, REAL/365, No, 2022-09-18, 0.000000
T4, 63, 2022-09-18, CDTASFS1V, 2022-03-07, 2024-03-07, 8.100000, 5.154989, 1, No, REAL/365, No, 2022-09-18, 0.000000
T4, 64, 2022-09-18, CDTEWZS1V, 2022-09-08, 2024-03-08, 8.100000, 5.156057, 1, No, REAL/365, No, 2022-09-18, 0.000000
T4, 65, 2022-09-18, CDTJFYS1V, 2022-03-10, 2024-03-10, 6.100000, 5.158191, 1, No, REAL/365, No, 2022-09-18, 0.000000
T4, 66, 2022-09-18, CDTDIFS1V, 2022-04-04, 2024-04-04, 7.100000, 5.184743, 1, No, REAL/365, No, 2022-09-18, 0.000000
T4, 67, 2022-09-18, CDTZNIS1V, 2022-04-05, 2024-04-05, 6.100000, 5.185800, 1, No, REAL/365, No, 2022-09-18, 0.000000
T4, 68, 2022-09-18, CDTWKQS1V, 2022-04-05, 2024-04-05, 6.100000, 5.185800, 1, No, REAL/365, No, 2022-09-18, 0.000000
T4, 69, 2022-09-18, CDTGELS1V, 2022-04-06, 2024-04-06, 8.100000, 5.186857, 1, No, REAL/365, No, 2022-09-18, 0.000000
T4, 70, 2022-09-18, CDTZAFS1V, 2022-04-07, 2024-04-07, 6.100000, 5.187914, 1, No, REAL/365, No, 2022-09-18, 0.000000
T4, 71, 2022-09-18, CDTRWIS1V, 2022-04-11, 2024-04-11, 8.100000, 5.192137, 1, No, REAL/365, No, 2022-09-18, 0.000000
T4, 72, 2022-09-18, CDTCBSS1V, 2022-04-12, 2024-04-12, 8.100000, 5.193192, 1, No, REAL/365, No, 2022-09-18, 0.000000
T4, 73, 2022-09-18, CDTUERS1V, 2022-05-17, 2024-05-17, 6.100000, 5.229887, 1, No, REAL/365, No, 2022-09-18, 0.000000
T4, 74, 2022-09-18, CDTEDCS1V, 2022-05-19, 2024-05-19, 6.100000, 5.231971, 1, No, REAL/365, No, 2022-09-18, 0.000000
T4, 75, 2022-09-18, CDTSDXS1V, 2021-06-09, 2024-06-09, 6.100000, 5.253763, 1, No, REAL/365, No, 2022-09-18, 0.000000
T4, 76, 2022-09-18, CDTDWZS1V, 2021-06-22, 2024-06-22, 6.100000, 5.267176, 1, No, REAL/365, No, 2022-09-18, 0.000000
T4, 77, 2022-09-18, CDTJRHS1V, 2021-06-30, 2024-06-30, 6.100000, 5.275400, 1, No, REAL/365, No, 2022-09-18, 0.000000
T4, 78, 2022-09-18, CDTVTGS1V, 2021-07-02, 2024-07-02, 8.100000, 5.277453, 1, No, REAL/365, No, 2022-09-18, 0.000000
T4, 79, 2022-09-18, CDTSJXS1V, 2022-01-05, 2024-07-05, 8.100000, 5.280529, 1, No, REAL/365, No, 2022-09-18, 0.000000
T4, 80, 2022-09-18, CDTQSAS1V, 2022-01-21, 2024-07-21, 7.100000, 5.296882, 1, No, REAL/365, No, 2022-09-18, 0.000000
T4, 81, 2022-09-18, CDTCPGS1V, 2022-01-24, 2024-07-24, 8.100000, 5.299939, 1, No, REAL/365, No, 2022-09-18, 0.000000
T4, 82, 2022-09-18, CDTLOIS1V, 2022-08-01, 2024-08-01, 6.100000, 5.308074, 1, No, REAL/365, No, 2022-09-18, 0.000000
T4, 83, 2022-09-18, CDTRPZS1V, 2022-08-30, 2024-08-30, 6.100000, 5.337377, 1, No, REAL/365, No, 2022-09-18, 0.000000
T4, 84, 2022-09-18, CDTXFES1V, 2022-09-06, 2024-09-06, 7.100000, 5.344407, 1, No, REAL/365, No, 2022-09-18, 0.000000
T4, 85, 2022-09-18, CDTICAS1V, 2022-09-07, 2024-09-07, 6.100000, 5.345410, 1, No, REAL/365, No, 2022-09-18, 0.000000
T4, 86, 2022-09-18, CDTHXTS1V, 2021-09-07, 2024-09-07, 8.100000, 5.345410, 1, No, REAL/365, No, 2022-09-18, 0.000000
T4, 87, 2022-09-18, CDTSASS1V, 2022-09-08, 2024-09-08, 6.100000, 5.346413, 1, No, REAL/365, No, 2022-09-18, 0.000000
T4, 88, 2022-09-18, CDTXTQS1V, 2021-12-16, 2024-12-16, 8.100000, 5.443989, 1, No, REAL/365, No, 2022-09-18, 0.000000
T4, 89, 2022-09-18, CDTZYKS1V, 2021-12-16, 2024-12-16, 7.100000, 5.443989, 1, No, REAL/365, No, 2022-09-18, 0.000000
T4, 90, 2022-09-18, CDTNJGS1V, 2022-02-01, 2025-02-01, 6.100000, 5.489169, 1, No, REAL/365, No, 2022-09-18, 0.000000
T4, 91, 2022-09-18, CDTYIOS1V, 2022-02-04, 2025-02-04, 7.100000, 5.492029, 1, No, REAL/365, No, 2022-09-18, 0.000000
T4, 92, 2022-09-18, CDTBLNS1V, 2022-02-15, 2025-02-15, 7.100000, 5.502488, 1, No, REAL/365, No, 2022-09-18, 0.000000
T4, 93, 2022-09-18, CDTKYFS1V, 2022-03-18, 2025-03-18, 8.100000, 5.531752, 1, No, REAL/365, No, 2022-09-18, 0.000000
T4, 94, 2022-09-18, CDTMSNS1V, 2022-03-30, 2025-03-31, 6.100000, 5.543932, 1, No, REAL/365, No, 2022-09-18, 0.000000
T4, 95, 2022-09-18, CDTBZAS1V, 2022-04-26, 2025-04-26, 6.100000, 5.568130, 1, No, REAL/365, No, 2022-09-18, 0.000000
T4, 96, 2022-09-18, CDTAZMS1V, 2022-06-07, 2025-06-07, 6.100000, 5.606767, 1, No, REAL/365, No, 2022-09-18, 0.000000
T4, 97, 2022-09-18, CDTZVBS1V, 2022-06-15, 2025-06-15, 7.100000, 5.614064, 1, No, REAL/365, No, 2022-09-18, 0.000000
T4, 98, 2022-09-18, CDTBVTS1V, 2022-09-09, 2025-09-09, 6.100000, 5.691255, 1, No, REAL/365, No, 2022-09-18, 0.000000
T4, 99, 2022-09-18, CDTFVBS1V, 2022-09-09, 2025-09-09, 7.100000, 5.691255, 1, No, REAL/365, No, 2022-09-18, 0.000000
T4, 100, 2022-09-18, CDTENTS1V, 2022-04-29, 2025-10-29, 7.100000, 5.735101, 1, No, REAL/365, No, 2022-09-18, 0.000000
T5, 1, 2022-09-18, TUVTKQ360, 2018-02-23, 2023-02-23, 4.000000, 6.224317, 12, No, REAL/360, No, 2022-09-18, 0.000000
T5, 2, 2022-09-18, TUVATFJ360, 2012-06-24, 2023-06-24, 3.000000, 6.368231, 12, No, REAL/360, No, 2022-09-18, 0.000000
T5, 3, 2022-09-18, TUVTRE360, 2015-11-04, 2023-11-04, 3.000000, 6.519757, 12, No, REAL/360, No, 2022-09-18, 0.000000
T5, 4, 2022-09-18, TUVTAF360, 2018-05-23, 2024-05-23, 4.000000, 6.736134, 12, No, REAL/360, No, 2022-09-18, 0.000000
T5, 5, 2022-09-18, TUVTXA360, 2014-11-16, 2024-11-16, 4.000000, 6.914768, 12, No, REAL/360, No, 2022-09-18, 0.000000
T5, 6, 2022-09-18, TUVTUM360, 2020-11-21, 2024-11-21, 4.000000, 6.919659, 12, No, REAL/360, No, 2022-09-18, 0.000000
T5, 7, 2022-09-18, TUVTDW360, 2016-12-13, 2024-12-13, 3.000000, 6.941080, 12, No, REAL/360, No, 2022-09-18, 0.000000
T5, 8, 2022-09-18, TUVTOI360, 2016-12-21, 2024-12-21, 3.000000, 6.948830, 12, No, REAL/360, No, 2022-09-18, 0.000000
T5, 9, 2022-09-18, TUVTMS360, 2018-05-07, 2025-05-07, 3.000000, 7.078303, 12, No, REAL/360, No, 2022-09-18, 0.000000
T5, 10, 2022-09-18, TUVTUZ360, 2011-10-19, 2025-10-19, 5.000000, 7.226391, 12, No, REAL/360, No, 2022-09-18, 0.000000
T5, 11, 2022-09-18, TUVATGC360, 2010-10-20, 2025-10-20, 5.000000, 7.227264, 12, No, REAL/360, No, 2022-09-18, 0.000000
T5, 12, 2022-09-18, TUVTHS360, 2019-11-10, 2025-11-10, 4.000000, 7.245512, 12, No, REAL/360, No, 2022-09-18, 0.000000
T5, 13, 2022-09-18, TUVATVW360, 2020-11-18, 2025-11-18, 5.000000, 7.252430, 12, No, REAL/360, No, 2022-09-18, 0.000000
T5, 14, 2022-09-18, TUVTCU360, 2019-12-16, 2025-12-16, 5.000000, 7.276492, 12, No, REAL/360, No, 2022-09-18, 0.000000
T5, 15, 2022-09-18, TUVATFC360, 2012-06-07, 2026-06-07, 4.000000, 7.420162, 12, No, REAL/360, No, 2022-09-18, 0.000000
T5, 16, 2022-09-18, TUVTAWV360, 2013-12-16, 2026-12-16, 3.000000, 7.569978, 12, No, REAL/360, No, 2022-09-18, 0.000000
T5, 17, 2022-09-18, TUVATTT360, 2018-03-17, 2027-03-17, 3.000000, 7.637631, 12, No, REAL/360, No, 2022-09-18, 0.000000
T5, 18, 2022-09-18, TUVTVD360, 2015-05-14, 2027-05-14, 3.000000, 7.679669, 12, No, REAL/360, No, 2022-09-18, 0.000000
T5, 19, 2022-09-18, TUVTUC360, 2012-06-03, 2027-06-03, 3.000000, 7.693974, 12, No, REAL/360, No, 2022-09-18, 0.000000
T5, 20, 2022-09-18, TUVTYM360, 2012-10-04, 2027-10-04, 5.000000, 7.779844, 12, No, REAL/360, No, 2022-09-18, 0.000000
T5, 21, 2022-09-18, TUVTRV360, 2014-12-15, 2027-12-15, 3.000000, 7.828473, 12, No, REAL/360, No, 2022-09-18, 0.000000
T5, 22, 2022-09-18, TUVATRA360, 2010-03-17, 2028-03-17, 4.000000, 7.889556, 12, No, REAL/360, No, 2022-09-18, 0.000000
T5, 23, 2022-09-18, TUVTKX360, 2018-12-25, 2028-12-25, 5.000000, 8.064079, 12, No, REAL/360, No, 2022-09-18, 0.000000
T5, 24, 2022-09-18, TUVTVN360, 2020-04-18, 2029-04-18, 5.000000, 8.129831, 12, No, REAL/360, No, 2022-09-18, 0.000000
T5, 25, 2022-09-18, TUVTYV360, 2016-12-13, 2029-12-13, 3.000000, 8.259834, 12, No, REAL/360, No, 2022-09-18, 0.000000
T5, 26, 2022-09-18, TUVTLH360, 2010-12-15, 2029-12-15, 4.000000, 8.260879, 12, No, REAL/360, No, 2022-09-18, 0.000000
T5, 27, 2022-09-18, TUVTXQ360, 2015-12-23, 2029-12-23, 3.000000, 8.265052, 12, No, REAL/360, No, 2022-09-18, 0.000000
T5, 28, 2022-09-18, TUVTOE360, 2018-02-12, 2030-02-12, 5.000000, 8.291397, 12, No, REAL/360, No, 2022-09-18, 0.000000
T5, 29, 2022-09-18, TUVTRT360, 2015-04-25, 2030-04-25, 3.000000, 8.327844, 12, No, REAL/360, No, 2022-09-18, 0.000000
T5, 30, 2022-09-18, TUVTEE360, 2017-07-04, 2030-07-04, 5.000000, 8.362460, 12, No, REAL/360, No, 2022-09-18, 0.000000
T5, 31, 2022-09-18, TUVATEU360, 2015-09-05, 2030-09-05, 4.000000, 8.392942, 12, No, REAL/360, No, 2022-09-18, 0.000000
T5, 32, 2022-09-18, TUVTHY360, 2018-11-20, 2030-11-20, 5.000000, 8.428887, 12, No, REAL/360, No, 2022-09-18, 0.000000
T5, 33, 2022-09-18, TUVTSD360, 2011-02-02, 2031-02-02, 3.000000, 8.463041, 12, No, REAL/360, No, 2022-09-18, 0.000000
T5, 34, 2022-09-18, TUVTPL360, 2017-04-24, 2031-04-24, 5.000000, 8.499495, 12, No, REAL/360, No, 2022-09-18, 0.000000
T5, 35, 2022-09-18, TUVTES360, 2015-07-04, 2031-07-04, 5.000000, 8.530672, 12, No, REAL/360, No, 2022-09-18, 0.000000
T5, 36, 2022-09-18, TUVTGB360, 2013-08-05, 2031-08-05, 5.000000, 8.544492, 12, No, REAL/360, No, 2022-09-18, 0.000000
T5, 37, 2022-09-18, TUVTAW360, 2013-10-23, 2031-10-23, 4.000000, 8.578006, 12, No, REAL/360, No, 2022-09-18, 0.000000
T5, 38, 2022-09-18, TUVTPO360, 2018-12-13, 2031-12-13, 5.000000, 8.599194, 12, No, REAL/360, No, 2022-09-18, 0.000000
T5, 39, 2022-09-18, TUVTDC360, 2018-03-25, 2033-03-25, 5.000000, 8.778395, 12, No, REAL/360, No, 2022-09-18, 0.000000
T5, 40, 2022-09-18, TUVTCF360, 2014-10-16, 2033-10-16, 3.000000, 8.848976, 12, No, REAL/360, No, 2022-09-18, 0.000000
T5, 41, 2022-09-18, TUVBTGC360, 2015-12-18, 2033-12-18, 3.000000, 8.869782, 12, No, REAL/360, No, 2022-09-18, 0.000000
T5, 42, 2022-09-18, TUVTGR360, 2016-12-18, 2033-12-18, 3.000000, 8.869782, 12, No, REAL/360, No, 2022-09-18, 0.000000
T5, 43, 2022-09-18, TUVTTR360, 2010-10-04, 2034-10-04, 5.000000, 8.960554, 12, No, REAL/360, No, 2022-09-18, 0.000000
T5, 44, 2022-09-18, TUVTKI360, 2020-10-17, 2034-10-17, 3.000000, 8.964439, 12, No, REAL/360, No, 2022-09-18, 0.000000
T5, 45, 2022-09-18, TUVTIP360, 2018-04-04, 2035-04-04, 3.000000, 9.013585, 12, No, REAL/360, No, 2022-09-18, 0.000000
T5, 46, 2022-09-18, TUVTFF360, 2018-10-13, 2035-10-13, 5.000000, 9.066497, 12, No, REAL/360, No, 2022-09-18, 0.000000
T5, 47, 2022-09-18, TUVTBU360, 2017-12-10, 2036-12-10, 5.000000, 9.173318, 12, No, REAL/360, No, 2022-09-18, 0.000000
T5, 48, 2022-09-18, TUVTON360, 2018-02-25, 2037-02-25, 3.000000, 9.191355, 12, No, REAL/360, No, 2022-09-18, 0.000000
T5, 49, 2022-09-18, TUVATLE360, 2010-12-12, 2037-12-12, 3.000000, 9.255867, 12, No, REAL/360, No, 2022-09-18, 0.000000
T5, 50, 2022-09-18, TUVTNO360, 2018-12-20, 2037-12-20, 4.000000, 9.257574, 12, No, REAL/360, No, 2022-09-18, 0.000000
T5, 51, 2022-09-18, TUVATZG360, 2012-02-12, 2038-02-12, 3.000000, 9.268993, 12, No, REAL/360, No, 2022-09-18, 0.000000
T5, 52, 2022-09-18, TUVBTLE360, 2013-08-03, 2038-08-03, 3.000000, 9.304252, 12, No, REAL/360, No, 2022-09-18, 0.000000
T5, 53, 2022-09-18, TUVTWK360, 2015-09-05, 2038-09-05, 3.000000, 9.310829, 12, No, REAL/360, No, 2022-09-18, 0.000000
T5, 54, 2022-09-18, TUVTRM360, 2014-11-14, 2038-11-14, 3.000000, 9.324585, 12, No, REAL/360, No, 2022-09-18, 0.000000
T5, 55, 2022-09-18, TUVTRC360, 2012-03-03, 2039-03-03, 5.000000, 9.345493, 12, No, REAL/360, No, 2022-09-18, 0.000000
T5, 56, 2022-09-18, TUVBTEU360, 2014-06-05, 2039-06-05, 3.000000, 9.363037, 12, No, REAL/360, No, 2022-09-18, 0.000000
T5, 57, 2022-09-18, TUVTVE360, 2019-12-19, 2039-12-19, 3.000000, 9.398412, 12, No, REAL/360, No, 2022-09-18, 0.000000
T5, 58, 2022-09-18, TUVTPU360, 2014-02-05, 2040-02-05, 5.000000, 9.406756, 12, No, REAL/360, No, 2022-09-18, 0.000000
T5, 59, 2022-09-18, TUVTIQ360, 2013-06-15, 2040-06-15, 4.000000, 9.429003, 12, No, REAL/360, No, 2022-09-18, 0.000000
T5, 60, 2022-09-18, TUVBTVW360, 2018-10-24, 2040-10-24, 3.000000, 9.450507, 12, No, REAL/360, No, 2022-09-18, 0.000000
T5, 61, 2022-09-18, TUVTLM360, 2017-11-24, 2040-11-24, 3.000000, 9.455491, 12, No, REAL/360, No, 2022-09-18, 0.000000
T5, 62, 2022-09-18, TUVTSV360, 2012-04-04, 2041-04-04, 5.000000, 9.476121, 12, No, REAL/360, No, 2022-09-18, 0.000000
T5, 63, 2022-09-18, TUVTCB360, 2014-07-05, 2041-07-05, 3.000000, 9.490206, 12, No, REAL/360, No, 2022-09-18, 0.000000
T5, 64, 2022-09-18, TUVTWJ360, 2015-10-24, 2041-10-24, 3.000000, 9.506772, 12, No, REAL/360, No, 2022-09-18, 0.000000
T5, 65, 2022-09-18, TUVTXL360, 2012-11-04, 2041-11-04, 3.000000, 9.508389, 12, No, REAL/360, No, 2022-09-18, 0.000000
T5, 66, 2022-09-18, TUVTAO360, 2016-04-18, 2042-04-18, 5.000000, 9.532120, 12, No, REAL/360, No, 2022-09-18, 0.000000
T5, 67, 2022-09-18, TUVBTFJ360, 2018-10-16, 2042-10-16, 3.000000, 9.557071, 12, No, REAL/360, No, 2022-09-18, 0.000000
T5, 68, 2022-09-18, TUVTHU360, 2010-12-04, 2042-12-04, 5.000000, 9.563640, 12, No, REAL/360, No, 2022-09-18, 0.000000
T5, 69, 2022-09-18, TUVTBWV360, 2014-02-05, 2043-02-05, 5.000000, 9.571972, 12, No, REAL/360, No, 2022-09-18, 0.000000
T5, 70, 2022-09-18, TUVTBB360, 2012-07-14, 2043-07-14, 4.000000, 9.592452, 12, No, REAL/360, No, 2022-09-18, 0.000000
T5, 71, 2022-09-18, TUVTLD360, 2015-02-25, 2044-02-25, 4.000000, 9.620272, 12, No, REAL/360, No, 2022-09-18, 0.000000
T5, 72, 2022-09-18, TUVTXH360, 2012-08-03, 2044-08-03, 4.000000, 9.639103, 12, No, REAL/360, No, 2022-09-18, 0.000000
T5, 73, 2022-09-18, TUVBTTT360, 2013-10-05, 2044-10-05, 3.000000, 9.646330, 12, No, REAL/360, No, 2022-09-18, 0.000000
T5, 74, 2022-09-18, TUVBTZG360, 2017-11-18, 2044-11-18, 5.000000, 9.651316, 12, No, REAL/360, No, 2022-09-18, 0.000000
T5, 75, 2022-09-18, TUVTDK360, 2014-12-15, 2044-12-15, 4.000000, 9.654352, 12, No, REAL/360, No, 2022-09-18, 0.000000
T5, 76, 2022-09-18, TUVTZL360, 2015-12-16, 2044-12-16, 4.000000, 9.654464, 12, No, REAL/360, No, 2022-09-18, 0.000000
T5, 77, 2022-09-18, TUVTTP360, 2012-01-16, 2045-01-16, 3.000000, 9.657925, 12, No, REAL/360, No, 2022-09-18, 0.000000
T5, 78, 2022-09-18, TUVTJV360, 2013-04-05, 2045-04-05, 4.000000, 9.666638, 12, No, REAL/360, No, 2022-09-18, 0.000000
T5, 79, 2022-09-18, TUVTFU360, 2014-05-04, 2045-05-04, 3.000000, 9.669798, 12, No, REAL/360, No, 2022-09-18, 0.000000
T5, 80, 2022-09-18, TUVBTRA360, 2012-10-22, 2045-10-22, 5.000000, 9.688020, 12, No, REAL/360, No, 2022-09-18, 0.000000
T5, 81, 2022-09-18, TUVBTFC360, 2016-11-22, 2045-11-22, 5.000000, 9.691251, 12, No, REAL/360, No, 2022-09-18, 0.000000
T5, 82, 2022-09-18, TUVTWN360, 2016-10-16, 2046-10-16, 3.000000, 9.724127, 12, No, REAL/360, No, 2022-09-18, 0.000000
T5, 83, 2022-09-18, TUVTZW360, 2017-12-16, 2046-12-16, 5.000000, 9.729989, 12, No, REAL/360, No, 2022-09-18, 0.000000
T5, 84, 2022-09-18, TUVTTH360, 2012-02-25, 2047-02-25, 3.000000, 9.736717, 12, No, REAL/360, No, 2022-09-18, 0.000000
T5, 85, 2022-09-18, TUVTWE360, 2013-04-04, 2047-04-04, 3.000000, 9.740277, 12, No, REAL/360, No, 2022-09-18, 0.000000
T5, 86, 2022-09-18, TUVTFX360, 2015-07-14, 2047-07-14, 5.000000, 9.749601, 12, No, REAL/360, No, 2022-09-18, 0.000000
T5, 87, 2022-09-18, TUVTBW360, 2018-10-10, 2047-10-10, 3.000000, 9.757567, 12, No, REAL/360, No, 2022-09-18, 0.000000
T5, 88, 2022-09-18, TUVTHW360, 2019-10-12, 2047-10-12, 5.000000, 9.757746, 12, No, REAL/360, No, 2022-09-18, 0.000000
T5, 89, 2022-09-18, TUVTPB360, 2015-11-13, 2047-11-13, 5.000000, 9.760606, 12, No, REAL/360, No, 2022-09-18, 0.000000
T5, 90, 2022-09-18, TUVTJH360, 2013-11-20, 2047-11-20, 3.000000, 9.761229, 12, No, REAL/360, No, 2022-09-18, 0.000000
T5, 91, 2022-09-18, TUVTGW360, 2018-02-23, 2048-02-23, 5.000000, 9.769595, 12, No, REAL/360, No, 2022-09-18, 0.000000
T5, 92, 2022-09-18, TUVTUH360, 2019-05-25, 2048-05-25, 5.000000, 9.777544, 12, No, REAL/360, No, 2022-09-18, 0.000000
T5, 93, 2022-09-18, TUVTDN360, 2013-07-12, 2048-07-12, 4.000000, 9.781632, 12, No, REAL/360, No, 2022-09-18, 0.000000
T5, 94, 2022-09-18, TUVTKP360, 2018-06-16, 2049-06-16, 4.000000, 9.809411, 12, No, REAL/360, No, 2022-09-18, 0.000000
T5, 95, 2022-09-18, TUVTCWV360, 2020-12-15, 2049-12-15, 4.000000, 9.823574, 12, No, REAL/360, No, 2022-09-18, 0.000000
T5, 96, 2022-09-18, TUVTZT360, 2021-02-13, 2050-02-13, 3.000000, 9.828134, 12, No, REAL/360, No, 2022-09-18, 0.000000
T5, 97, 2022-09-18, TUVTYO360, 2017-09-04, 2050-09-04, 3.000000, 9.843179, 12, No, REAL/360, No, 2022-09-18, 0.000000
T5, 98, 2022-09-18, TUVTXV360, 2015-06-16, 2050-06-16, 5.000000, 9.837320, 12, No, REAL/360, No, 2022-09-18, 0.000000
T5, 99, 2022-09-18, TUVTHB360, 2020-11-19, 2050-11-19, 5.000000, 9.848664, 12, No, REAL/360, No, 2022-09-18, 0.000000
T5, 100, 2022-09-18, TUVTPX360, 2012-12-10, 2050-12-10, 3.000000, 9.850165, 12, No, REAL/360, No, 2022-09-18, 0.000000
